Name,Price
Диван Льери Мини Velvet Light,71490
Диван Нумо Velvet Yellow,41790
Диван Тут Рядом Дом Серо-графитовый,80290
Диван угловой Эби-1 Velvet Coral,80290
Диван Бонент Velvet Eclipse,84690
Диван Нумо Мини Textile Yellow,27490
Диван Тут Рядом Космос Светло-Бежевый,120990
Диван Линс Velvet Navy Blue,38490
Кресло Тут Рядом Дом Сине-бежевый,56090
Диван угловой Эдвин Velvet Smoke,82490
Диван Бруквиль Velvet Blue,54990
Диван Байма Velvet Grey,76990
Диван Спейс Velvet Beige,71490
Кресло Бенел Cozy Ivory,38490
Диван Нумо Velvet Grafit,41790
Кресло-кровать Маре Мини Velvet Grafit,24190
Диван Клаймар Velvet Beige,62690
Пуф Тут Рядом Дом Серо-графитовый,17590
Диван Марей Soft Grey,98990
Диван Сваут Velvet Grey,71490
Диван Линс Velvet Grafit,38490
Диван угловой Аронт Мини Velvet Pink,64890
Диван Рейли Velvet Coral,40690
Диван угловой Вайвел Barhat Forest,98990
Диван Бруквиль Velvet Smoke,54990
Диван Коренс Happy Grey,34090
Диван угловой Шера Velvet Light,113290
Диван Види Textile Ocean,28590
Пуф Тут Рядом Дом Зеленый,17590
Кресло Пайл Barhat Beige,26390
Модульный диван Brera-2 Velour Mix,116580
Кресло Гета Soft Silver,38490
Диван угловой Нумо Velvet Yellow,52790
Модульный диван Нолан-B 3 Soft Jungle,126470
Диван Тут Рядом Дом Сине-бежевый,80290
Кресло Элвит Cozy Ivory,32990
Диван Сваут Velvet Mustard,71490
Кресло Рибс Velvet Beige,32990
Пуф Кропс Bucle Smoky,9890
Пуф Лонди Cozy Beige,13190
Диван Мисл Barhat Mint,82490
Диван угловой Мейлон Velvet Eclipse,54990
Кресло Тут Рядом Дом Розовый,56090
Диван Нумо Мини Textile Light,27490
Диван угловой Бонент Velvet Grey,98990
Диван Рейли Velvet Mint,40690
Диван Риббл-2 Bucle Lilac,75890
